config_id,strategy,split,ny_date,symbol,direction,status,unfilled_reason,or_high,or_low,breakout_candle_ts,breakout_close_ts,breakout_close,entry_signal_ts,entry_signal_close,info_known_ts,fill_ts,fill_price,raw_entry,stop_price,target_price,exit_ts,exit_price,raw_exit,exit_reason,path_ambiguous,ohlc_proxy,simulated_fill,qty,notional,leverage,fee_entry,fee_exit,fees,gross_pnl,execution_drag,net_pnl,r_multiple,equity_after,distance_filter,risk_profile,slippage_profile
BTC_USDT|ORB-V2|5m-body+1m-continuation|baseline_25bps_2R|normal|distance=1x,ORB-V2,train,2026-08-12,BTC_USDT,SHORT,closed,,63986.7,63853.7,1786542900,1786543200,63810.6,1786543260,63780.1,1786543260,1786543260,63773.6,63780.1,63933.1,63454.8,1786546500,63461.2,63454.8,take_profit,False,True,True,626,3992.2273600000003,5.0,0.7984454720000002,0.7945342240000001,1.5929796960000002,20.363779999999725,0.8075399999996336,17.96326030400009,1.7990786206896643,1017.9632603040001,1.0,baseline_25bps_2R,normal
BTC_USDT|ORB-V2|5m-body+1m-continuation|baseline_25bps_2R|normal|distance=1x,ORB-V2,train,2026-08-13,BTC_USDT,LONG,closed,,63716.3,63534.0,1786628100,1786628400,63784.6,1786628460,63793.6,1786628460,1786628460,63800.1,63793.6,63640.5,64119.1,1786634880,63634.0,63640.5,stop,False,True,True,637,4064.0663700000005,5.0,0.8128132740000001,0.8106971600000001,1.6235104340000004,-9.752469999999908,0.828100000000001,-12.20408043399991,-1.2004186716792,1005.7591798700001,1.0,baseline_25bps_2R,normal
BTC_USDT|ORB-V2|5m-body+1m-continuation|baseline_25bps_2R|normal|distance=1x,ORB-V2,train,2026-08-14,BTC_USDT,SHORT,closed,,62793.8,62654.7,1786714500,1786714800,62630.6,1786715040,62640.0,1786715040,1786715040,62633.6,62640.0,62790.2,62320.5,1786721340,62796.6,62790.2,stop,False,True,True,642,4021.0771200000004,5.0,0.8042154240000001,0.8063083440000001,1.6105237680000002,-9.642839999999813,0.8217600000001877,-12.075123768000001,-1.201060280970637,993.6840561020001,1.0,baseline_25bps_2R,normal
BTC_USDT|ORB-V2|5m-body+1m-continuation|baseline_25bps_2R|normal|distance=1x,ORB-V2,train,2026-08-17,BTC_USDT,LONG,closed,,63729.8,63451.8,1786978200,1786978500,63741.2,1786978560,63788.8,1786978560,1786978560,63795.3,63788.8,63635.8,64114.2,1786981680,64107.7,64114.2,take_profit,False,True,True,622,3968.0676600000006,5.0,0.7936135320000002,0.797499788,1.5911133200000003,20.23987999999964,0.808600000000002,17.840166679999637,1.7982407523510606,1011.5242227819997,1.0,baseline_25bps_2R,normal
BTC_USDT|ORB-V2|5m-body+1m-continuation|baseline_25bps_2R|normal|distance=1x,ORB-V2,train,2026-08-18,BTC_USDT,LONG,closed,,64129.3,64020.0,1787060100,1787060400,64206.5,1787060520,64184.5,1787060520,1787060520,64191.0,64184.5,64030.5,64511.9,1787062920,64505.3,64511.9,take_profit,False,True,True,630,4044.033,5.0,0.8088066,0.81276678,1.62157338,20.626200000000093,0.8252999999999098,18.179326620000182,1.7978862305296128,1029.703549402,1.0,baseline_25bps_2R,normal
BTC_USDT|ORB-V2|5m-body+1m-continuation|baseline_25bps_2R|normal|distance=1x,ORB-V2,train,2026-08-19,BTC_USDT,SHORT,closed,,65190.0,64941.7,1787146500,1787146800,64800.2,1787146920,64780.0,1787146920,1787146920,64773.4,64780.0,64935.4,64449.6,1787146980,64942.0,64935.4,stop,False,True,True,635,4113.110900000001,5.0,0.8226221800000002,0.8247634,1.6473855800000003,-9.867900000000093,0.838199999999814,-12.353485579999907,-1.200883209876534,1017.350063822,1.0,baseline_25bps_2R,normal
BTC_USDT|ORB-V2|5m-body+1m-continuation|baseline_25bps_2R|normal|distance=1x,ORB-V2,train,2026-08-20,BTC_USDT,SHORT,closed,,71930.1,71445.5,1787232900,1787233200,71345.7,1787236140,71437.0,1787236140,1787236140,71429.8,71437.0,71608.4,71072.7,1787236440,71615.7,71608.4,stop,False,True,True,569,4064.3556200000007,5.0,0.8128711240000002,0.8149866660000001,1.6278577900000002,-9.75265999999967,0.8250499999999992,-12.20556778999967,-1.2010587905935313,1005.1444960320003,1.0,baseline_25bps_2R,normal
BTC_USDT|ORB-V2|5m-body+1m-continuation|baseline_25bps_2R|normal|distance=1x,ORB-V2,train,2026-08-21,BTC_USDT,LONG,closed,,77096.6,76570.2,1787319600,1787319900,77292.7,1787319960,77311.4,1787319960,1787319960,77319.2,77311.4,77125.9,77705.7,1787320260,77697.8,77705.7,take_profit,False,True,True,519,4012.86648,5.0,0.802573296,0.8065031640000001,1.6090764600000003,20.464170000000152,0.8148299999998478,18.040263540000307,1.7982234868080738,1023.1847595720006,1.0,baseline_25bps_2R,normal
BTC_USDT|ORB-V2|5m-body+1m-continuation|baseline_25bps_2R|normal|distance=1x,ORB-V2,train,2026-08-24,BTC_USDT,SHORT,unfilled,entry_distance,79011.5,78542.1,1787578800,1787579100,78274.4,1787579160,78013.6,1787579160,,,78013.6,,,,,,,,True,True,,,5.0,,,,,,,,,1.0,baseline_25bps_2R,normal
BTC_USDT|ORB-V2|5m-body+1m-continuation|baseline_25bps_2R|normal|distance=1x,ORB-V2,train,2026-08-25,BTC_USDT,LONG,closed,,78996.9,78568.9,1787664900,1787665200,79026.9,1787667360,79003.4,1787667360,1787667360,79011.4,79003.4,78813.8,79406.4,1787672160,79398.4,79406.4,take_profit,False,True,True,517,4084.88938,5.0,0.816977876,0.8209794560000001,1.637957332,20.8351,0.8272000000000013,18.369942668,1.798168218623561,1041.5547022400006,1.0,baseline_25bps_2R,normal
BTC_USDT|ORB-V2|5m-body+1m-continuation|baseline_25bps_2R|normal|distance=1x,ORB-V2,train,2026-08-26,BTC_USDT,LONG,closed,,78338.0,78011.5,1787751300,1787751600,78348.1,1787751660,78382.9,1787751660,1787751660,78390.8,78382.9,78194.8,78782.7,1787752320,78186.9,78194.8,stop,False,True,True,531,4162.55148,5.0,0.832510296,0.8303448779999999,1.662855174,-9.988109999999537,0.8389800000009267,-12.489945174000464,-1.2000792857143303,1029.064757066,1.0,baseline_25bps_2R,normal
BTC_USDT|ORB-V2|5m-body+1m-continuation|baseline_25bps_2R|normal|distance=1x,ORB-V2,train,2026-08-28,BTC_USDT,SHORT,closed,,79286.9,79142.7,1787924100,1787924400,79119.4,1787924460,79041.1,1787924460,1787924460,79033.1,79041.1,79230.7,78638.0,1787924880,79238.7,79230.7,stop,False,True,True,520,4109.721200000001,5.0,0.8219442400000002,0.8240824800000001,1.6460267200000003,-9.859199999999547,0.8320000000000007,-12.337226719999547,-1.2006799595141788,1016.7275303460005,1.0,baseline_25bps_2R,normal
BTC_USDT|ORB-V2|5m-body+1m-continuation|baseline_25bps_2R|normal|distance=1x,ORB-V2,train,2026-08-31,BTC_USDT,SHORT,closed,,78203.9,77840.1,1788184200,1788184500,77809.7,1788184800,77834.8,1788184800,1788184800,77826.9,77834.8,78021.5,77437.8,1788185340,78029.4,78021.5,stop,False,True,True,522,4062.56418,5.0,0.812512836,0.814626936,1.627139772,-9.745739999999849,0.8247600000001523,-12.197639772,-1.200777286741999,1004.5298905740005,1.0,baseline_25bps_2R,normal
BTC_USDT|ORB-V2|5m-body+1m-continuation|baseline_25bps_2R|normal|distance=1x,ORB-V2,train,2026-09-01,BTC_USDT,SHORT,closed,,77994.0,77759.1,1788269700,1788270000,77600.0,1788270060,77580.4,1788270060,1788270060,77572.5,77580.4,77766.5,77184.7,1788270180,77774.4,77766.5,stop,False,True,True,517,4010.49825,5.0,0.80209965,0.804187296,1.606286946,-9.6213700000003,0.816859999999398,-12.0445169459997,-1.2008730927834752,992.4853736280008,1.0,baseline_25bps_2R,normal
BTC_USDT|ORB-V2|5m-body+1m-continuation|baseline_25bps_2R|normal|distance=1x,ORB-V2,train,2026-09-02,BTC_USDT,LONG,unfilled,entry_distance,76840.1,76653.2,1788356400,1788356700,77351.6,1788357060,77087.8,1788357060,,,77087.8,,,,,,,,True,True,,,5.0,,,,,,,,,1.0,baseline_25bps_2R,normal
BTC_USDT|ORB-V2|5m-body+1m-continuation|baseline_25bps_2R|normal|distance=1x,ORB-V2,train,2026-09-03,BTC_USDT,LONG,closed,,78671.4,78419.1,1788442500,1788442800,78820.4,1788442920,78867.1,1788442920,1788442920,78875.1,78867.1,78677.9,79269.4,1788444000,78669.9,78677.9,stop,False,True,True,503,3967.4175300000006,5.0,0.7934835060000002,0.791419194,1.5849027000000002,-9.516760000000586,0.8048000000000002,-11.906462700000585,-1.2003498985801098,980.5789109280003,1.0,baseline_25bps_2R,normal
BTC_USDT|ORB-V2|5m-body+1m-continuation|baseline_25bps_2R|normal|distance=1x,ORB-V2,train,2026-09-04,BTC_USDT,LONG,closed,,79513.2,79162.0,1788529500,1788529800,79628.3,1788529920,79552.4,1788529920,1788529920,79560.5,79552.4,79361.5,79958.3,1788529980,79353.5,79361.5,stop,False,True,True,492,3914.3766,5.0,0.78287532,0.78083844,1.5637137600000002,-9.392279999999714,0.7921200000002866,-11.74811376,-1.199913567839196,968.8307971680002,1.0,baseline_25bps_2R,normal
BTC_USDT|ORB-V2|5m-body+1m-continuation|baseline_25bps_2R|normal|distance=1x,ORB-V2,validation,2026-09-08,BTC_USDT,SHORT,unfilled,entry_distance,78344.7,78052.0,1788874500,1788874800,77847.2,1788874860,77734.0,1788874860,,,77734.0,,,,,,,,True,True,,,5.0,,,,,,,,,1.0,baseline_25bps_2R,normal
BTC_USDT|ORB-V2|5m-body+1m-continuation|baseline_25bps_2R|normal|distance=1x,ORB-V2,validation,2026-09-09,BTC_USDT,SHORT,unfilled,entry_distance,79645.8,79475.0,1788960900,1788961200,79300.6,1788961320,79287.2,1788961320,,,79287.2,,,,,,,,True,True,,,5.0,,,,,,,,,1.0,baseline_25bps_2R,normal
BTC_USDT|ORB-V2|5m-body+1m-continuation|baseline_25bps_2R|normal|distance=1x,ORB-V2,validation,2026-09-10,BTC_USDT,LONG,closed,,76938.3,76730.3,1789047300,1789047600,77022.9,1789047840,76945.1,1789047840,1789047840,76952.9,76945.1,76760.5,77337.6,1789050300,77329.8,77337.6,take_profit,False,True,True,519,3993.85551,5.0,0.798771102,0.8026833240000001,1.601454426,20.37075,0.8096399999995469,17.959655574000454,1.7985626819127818,1017.9596555740004,1.0,baseline_25bps_2R,normal
BTC_USDT|ORB-V2|5m-body+1m-continuation|baseline_25bps_2R|normal|distance=1x,ORB-V2,validation,2026-09-14,BTC_USDT,LONG,closed,,78221.2,77810.8,1789393500,1789393800,78411.6,1789393980,78254.8,1789393980,1789393980,78262.7,78254.8,78067.0,78654.0,1789394220,78059.1,78067.0,stop,False,True,True,520,4069.6604,5.0,0.8139320800000001,0.8118146400000001,1.6257467200000002,-9.765600000000152,0.8215999999993944,-12.212946719999547,-1.2001244762391148,1005.7467088540009,1.0,baseline_25bps_2R,normal
BTC_USDT|ORB-V2|5m-body+1m-continuation|baseline_25bps_2R|normal|distance=1x,ORB-V2,validation,2026-09-15,BTC_USDT,SHORT,unfilled,entry_distance,76915.3,76680.1,1789479300,1789479600,76281.0,1789479720,76409.2,1789479720,,,76409.2,,,,,,,,True,True,,,5.0,,,,,,,,,1.0,baseline_25bps_2R,normal
BTC_USDT|ORB-V2|5m-body+1m-continuation|baseline_25bps_2R|normal|distance=1x,ORB-V2,validation,2026-09-16,BTC_USDT,SHORT,closed,,75749.2,75608.9,1789565700,1789566000,75551.1,1789567260,75562.4,1789567260,1789567260,75554.7,75562.4,75743.6,75177.0,1789568880,75751.3,75743.6,stop,False,True,True,532,4019.51004,5.0,0.8039020080000001,0.8059938320000002,1.6098958400000003,-9.63984000000062,0.81927999999969,-12.06901584000031,-1.2009592376918758,993.6776930140005,1.0,baseline_25bps_2R,normal
BTC_USDT|ORB-V2|5m-body+1m-continuation|baseline_25bps_2R|normal|distance=1x,ORB-V2,out_of_sample,2026-09-17,BTC_USDT,SHORT,closed,,76556.6,76272.1,1789652100,1789652400,75989.9,1789652640,76104.9,1789652640,1789652640,76097.2,76104.9,76287.5,75716.8,1789652820,76295.2,76287.5,stop,False,True,True,525,3995.103,5.0,0.7990206000000001,0.8010996,1.6001202,-9.586500000000306,0.8084999999996949,-11.995120200000002,-1.2006225959011905,988.0048798,1.0,baseline_25bps_2R,normal
BTC_USDT|ORB-V2|5m-body+1m-continuation|baseline_25bps_2R|normal|distance=1x,ORB-V2,out_of_sample,2026-09-18,BTC_USDT,LONG,unfilled,entry_distance,78370.3,78104.2,1789738500,1789738800,78925.9,1789738860,78966.6,1789738860,,,78966.6,,,,,,,,True,True,,,5.0,,,,,,,,,1.0,baseline_25bps_2R,normal
BTC_USDT|ORB-V2|5m-body+1m-continuation|baseline_25bps_2R|normal|distance=1x,ORB-V2,out_of_sample,2026-09-21,BTC_USDT,LONG,unfilled,entry_distance,85133.8,84786.1,1789998300,1789998600,85405.8,1789998660,85639.7,1789998660,,,85639.7,,,,,,,,True,True,,,5.0,,,,,,,,,1.0,baseline_25bps_2R,normal
BTC_USDT|ORB-V2|5m-body+1m-continuation|baseline_25bps_2R|normal|distance=1x,ORB-V2,out_of_sample,2026-09-22,BTC_USDT,LONG,closed,,86064.2,85534.2,1790084700,1790085000,86079.2,1790085060,86112.7,1790085060,1790085060,86121.4,86112.7,85906.0,86552.0,1790087340,85897.3,85906.0,stop,False,True,True,458,3944.36012,5.0,0.788872024,0.786819268,1.5756912920000001,-9.466859999999867,0.7969199999997336,-11.839471291999601,-1.2001102135561665,976.1654085080004,1.0,baseline_25bps_2R,normal
BTC_USDT|ORB-V2|5m-body+1m-continuation|baseline_25bps_2R|normal|distance=1x,ORB-V2,out_of_sample,2026-09-23,BTC_USDT,LONG,closed,,85674.4,85488.3,1790170500,1790170800,85698.1,1790170860,85811.2,1790170860,1790170860,85819.9,85811.2,85605.3,86248.9,1790171160,85596.6,85605.3,stop,False,True,True,454,3896.22346,5.0,0.779244692,0.7772171280000002,1.5564618200000002,-9.347859999999736,0.789959999999736,-11.694281819999473,-1.200294967381169,964.4711266880009,1.0,baseline_25bps_2R,normal
BTC_USDT|ORB-V2|5m-body+1m-continuation|baseline_25bps_2R|normal|distance=1x,ORB-V2,out_of_sample,2026-09-24,BTC_USDT,LONG,closed,,84263.3,83719.6,1790259300,1790259600,84268.3,1790259660,84270.0,1790259660,1790259660,84278.5,84270.0,84067.8,84699.8,1790260080,84691.2,84699.8,take_profit,False,True,True,457,3851.5274500000005,5.0,0.7703054900000001,0.774077568,1.5443830580000002,19.641860000000133,0.7814700000002617,17.31600694199987,1.7983201708590526,981.7871336300008,1.0,baseline_25bps_2R,normal
