config_id,split,ny_date,symbol,timeframe,orb,entry_model,sides,risk_profile,slippage_profile,direction,status,unfilled_reason,signal_ts,signal_price,order_price,order_type,info_known_ts,fill_ts,fill_price,raw_entry,fill_outside_bar,ohlc_proxy,qty,notional,leverage,stop_price,target_price,exit_ts,exit_price,raw_exit,exit_reason,path_ambiguous,fee_entry,fee_exit,gross_pnl,net_pnl,execution_drag,r_multiple,or_high,or_low,equity_after,mtm_pnl,same_bar_exit
BTC_USDT|1m|ORB-15|close|both|baseline_25bps_2R|normal,train,2026-08-12,BTC_USDT,1m,ORB-15,close,both,baseline_25bps_2R,normal,LONG,closed,,1786542360,64009.7,64009.7,market,1786542360,1786542360,64016.2,64009.7,False,False,624,3994.61088,5.0,63856.1,64336.2,1786542780,63849.6,63856.1,stop,False,0.798922176,0.7968430080000001,-9.58463999999991,-11.991605183999908,0.8111999999999995,-1.2003320424734558,63986.7,63830.1,988.0083948160001,,False
BTC_USDT|1m|ORB-15|close|both|baseline_25bps_2R|normal,train,2026-08-12,BTC_USDT,1m,ORB-15,close,both,baseline_25bps_2R,normal,SHORT,closed,,1786543020,63825.6,63825.6,market,1786543020,1786543020,63819.1,63825.6,True,False,619,3950.40229,5.0,63978.7,63500.1,1786546320,63506.6,63500.1,take_profit,False,0.790080458,0.7862117080000001,20.14845,17.767457834000002,0.8047000000000004,1.7984640350877357,63986.7,63830.1,1005.77585265,,False
BTC_USDT|1m|ORB-15|close|both|baseline_25bps_2R|normal,train,2026-08-13,BTC_USDT,1m,ORB-15,close,both,baseline_25bps_2R,normal,LONG,closed,,1786630560,63833.9,63833.9,market,1786630560,1786630560,63840.4,63833.9,False,False,629,4015.5611599999997,5.0,63680.7,64159.6,1786634820,63674.2,63680.7,stop,False,0.803112232,0.801021436,-9.636280000000276,-12.058113668000274,0.8176999999999985,-1.200393988728861,63828.0,63534.0,993.7177389819998,,False
BTC_USDT|1m|ORB-15|close|both|baseline_25bps_2R|normal,train,2026-08-14,BTC_USDT,1m,ORB-15,close,both,baseline_25bps_2R,normal,SHORT,closed,,1786716600,62569.9,62569.9,market,1786716600,1786716600,62563.5,62569.9,True,False,634,3966.5259,5.0,62720.0,62250.7,1786718040,62726.4,62720.0,stop,False,0.79330518,0.7953707520000001,-9.516339999999909,-11.916535932000095,0.8115200000001845,-1.201009456869019,62793.8,62580.0,981.8012030499997,,False
BTC_USDT|1m|ORB-15|close|both|baseline_25bps_2R|normal,train,2026-08-17,BTC_USDT,1m,ORB-15,close,both,baseline_25bps_2R,normal,LONG,closed,,1786978320,63807.5,63807.5,market,1786978320,1786978320,63814.0,63807.5,True,False,615,3924.5610000000006,5.0,63654.4,64133.0,1786981740,64126.5,64133.0,take_profit,False,0.7849122000000002,0.7887559500000002,20.018250000000002,17.64508185,0.7995000000000019,1.797693609022573,63776.7,63451.8,999.4462848999997,,False
BTC_USDT|1m|ORB-15|close|both|baseline_25bps_2R|normal,train,2026-08-18,BTC_USDT,1m,ORB-15,close,both,baseline_25bps_2R,normal,LONG,closed,,1787061060,64235.1,64235.1,market,1787061060,1787061060,64241.6,64235.1,True,False,621,3989.4033600000002,5.0,64080.9,64562.8,1787062980,64556.2,64562.8,take_profit,False,0.7978806720000001,0.801788004,20.350170000000272,17.936991323999912,0.8135100000003597,1.797389172370901,64222.7,63995.2,1017.3832762239996,,False
BTC_USDT|1m|ORB-15|close|both|baseline_25bps_2R|normal,train,2026-08-19,BTC_USDT,1m,ORB-15,close,both,baseline_25bps_2R,normal,LONG,closed,,1787148360,65224.6,65224.6,market,1787148360,1787148360,65231.2,65224.6,False,False,623,4063.9037599999997,5.0,65068.1,65557.3,1787151000,65550.6,65557.3,take_profit,False,0.812780752,0.8167604760000001,20.727210000000273,18.269078772000547,0.8285899999997284,1.7979377069283349,65190.0,64779.6,1035.6523549960002,,False
BTC_USDT|1m|ORB-15|close|both|baseline_25bps_2R|normal,train,2026-08-20,BTC_USDT,1m,ORB-15,close,both,baseline_25bps_2R,normal,LONG,closed,,1787235180,71943.8,71943.8,market,1787235180,1787235180,71951.1,71943.8,False,False,575,4137.18825,5.0,71771.2,72310.8,1787235300,71763.9,71771.2,stop,False,0.82743765,0.8252848500000001,-9.924500000000336,-12.41672250000067,0.8395000000003332,-1.2003501945525357,71930.1,71106.7,1023.2356324959995,,False
BTC_USDT|1m|ORB-15|close|both|baseline_25bps_2R|normal,train,2026-08-21,BTC_USDT,1m,ORB-15,close,both,baseline_25bps_2R,normal,LONG,closed,,1787320140,77395.1,77395.1,market,1787320140,1787320140,77402.9,77395.1,False,False,528,4086.8731199999997,5.0,77209.3,77789.9,1787320680,77201.5,77209.3,stop,False,0.8173746239999999,0.8152478400000001,-9.810240000000155,-12.266542463999691,0.8236799999995377,-1.2000045454545694,77336.1,76237.1,1010.9690900319998,,False
BTC_USDT|1m|ORB-15|close|both|baseline_25bps_2R|normal,train,2026-08-24,BTC_USDT,1m,ORB-15,close,both,baseline_25bps_2R,normal,SHORT,closed,,1787579160,78013.6,78013.6,market,1787579160,1787579160,78005.7,78013.6,False,False,518,4040.6952600000004,5.0,78200.8,77615.7,1787579220,78208.7,78200.8,stop,False,0.8081390520000001,0.8102421320000001,-9.69695999999985,-12.133781184,0.8184400000001499,-1.2006298308559353,79011.5,78179.5,998.8353088479998,,False
BTC_USDT|1m|ORB-15|close|both|baseline_25bps_2R|normal,train,2026-08-24,BTC_USDT,1m,ORB-15,close,both,baseline_25bps_2R,normal,LONG,closed,,1787580660,79052.7,79052.7,market,1787580660,1787580660,79060.7,79052.7,False,False,505,3992.5653500000003,5.0,78863.0,79456.0,1787581380,79448.0,79456.0,take_profit,False,0.79851307,0.8024248,20.366650000000146,17.957712130000147,0.8079999999999998,1.7986760748609416,79011.5,78179.5,1016.793020978,,False
BTC_USDT|1m|ORB-15|close|both|baseline_25bps_2R|normal,train,2026-08-25,BTC_USDT,1m,ORB-15,close,both,baseline_25bps_2R,normal,SHORT,closed,,1787665560,78467.2,78467.2,market,1787665560,1787665560,78459.3,78467.2,False,False,518,4064.1917400000007,5.0,78655.5,78067.1,1787666460,78663.5,78655.5,stop,False,0.8128383480000002,0.8149538600000001,-9.753940000000151,-12.205352207999848,0.823619999999698,-1.2009406727828773,79194.4,78568.9,1004.5876687700002,,False
BTC_USDT|1m|ORB-15|close|both|baseline_25bps_2R|normal,train,2026-08-25,BTC_USDT,1m,ORB-15,close,both,baseline_25bps_2R,normal,LONG,closed,,1787668380,79273.6,79273.6,market,1787668380,1787668380,79281.6,79273.6,False,False,506,4011.6489600000004,5.0,79083.3,79678.0,1787668740,79075.3,79083.3,stop,False,0.8023297920000001,0.8002420360000001,-9.629180000000147,-12.041351828000147,0.8095999999999997,-1.2000573877962653,79194.4,78568.9,992.546316942,,False
BTC_USDT|1m|ORB-15|close|both|baseline_25bps_2R|normal,train,2026-08-26,BTC_USDT,1m,ORB-15,close,both,baseline_25bps_2R,normal,LONG,closed,,1787751960,78506.0,78506.0,market,1787751960,1787751960,78514.0,78506.0,True,False,505,3964.9570000000003,5.0,78317.7,78906.5,1787752200,78309.8,78317.7,stop,False,0.7929914000000001,0.7909289800000001,-9.509150000000147,-11.896020379999854,0.8029499999997061,-1.2000242485990504,78461.4,78011.5,980.6502965620001,,False
BTC_USDT|1m|ORB-15|close|both|baseline_25bps_2R|normal,train,2026-08-26,BTC_USDT,1m,ORB-15,close,both,baseline_25bps_2R,normal,SHORT,closed,,1787755380,77977.9,77977.9,market,1787755380,1787755380,77970.0,77977.9,False,False,502,3914.094,5.0,78165.0,77580.2,1787764500,78172.9,78165.0,stop,False,0.7828188,0.784855916,-9.392420000000293,-11.753254715999708,0.7931599999994159,-1.2006593846153548,78461.4,78011.5,968.8970418460004,,False
BTC_USDT|1m|ORB-15|close|both|baseline_25bps_2R|normal,train,2026-08-27,BTC_USDT,1m,ORB-15,close,both,baseline_25bps_2R,normal,SHORT,closed,,1787838540,79052.3,79052.3,market,1787838540,1787838540,79044.3,79052.3,False,False,490,3873.1707,5.0,79242.0,78649.1,1787838720,79250.0,79242.0,stop,False,0.7746341400000001,0.7766500000000001,-9.295299999999857,-11.630584139999858,0.7840000000000007,-1.200601213960549,79324.9,79070.8,957.2664577060006,,False
BTC_USDT|1m|ORB-15|close|both|baseline_25bps_2R|normal,train,2026-08-27,BTC_USDT,1m,ORB-15,close,both,baseline_25bps_2R,normal,LONG,closed,,1787838960,79399.5,79399.5,market,1787838960,1787838960,79407.5,79399.5,False,False,482,3827.4415,5.0,79208.9,79804.5,1787840520,79796.4,79804.5,take_profit,False,0.7654883,0.769237296,19.521,17.21025440399972,0.7760200000002797,1.797881268882093,79324.9,79070.8,974.4767121100002,,False
BTC_USDT|1m|ORB-15|close|both|baseline_25bps_2R|normal,train,2026-08-28,BTC_USDT,1m,ORB-15,close,both,baseline_25bps_2R,normal,LONG,closed,,1787925300,79380.8,79380.8,market,1787925300,1787925300,79388.8,79380.8,False,False,490,3890.0512000000003,5.0,79190.3,79785.7,1787925600,79182.3,79190.3,stop,False,0.7780102400000001,0.7759865400000001,-9.3345,-11.672496780000001,0.7840000000000007,-1.2000716372795972,79332.0,78993.1,962.8042153300003,,False
BTC_USDT|1m|ORB-15|close|both|baseline_25bps_2R|normal,train,2026-08-28,BTC_USDT,1m,ORB-15,close,both,baseline_25bps_2R,normal,SHORT,closed,,1787925780,78960.0,78960.0,market,1787925780,1787925780,78952.0,78960.0,False,False,487,3844.9624,5.0,79149.4,78557.3,1787926320,78565.3,78557.3,take_profit,False,0.76899248,0.765226022,19.611489999999858,17.298071497999857,0.7791999999999994,1.7993745694022671,79332.0,78993.1,980.1022868280002,,False
BTC_USDT|1m|ORB-15|close|both|baseline_25bps_2R|normal,train,2026-08-31,BTC_USDT,1m,ORB-15,close,both,baseline_25bps_2R,normal,SHORT,closed,,1788184380,77790.3,77790.3,market,1788184380,1788184380,77782.4,77790.3,False,False,503,3912.45472,5.0,77976.9,77393.5,1788184980,77984.8,77976.9,stop,False,0.7824909440000001,0.7845270880000002,-9.385979999999561,-11.747738032000441,0.7947400000008784,-1.2007888946015874,78256.8,77804.3,968.3545487959997,,False
BTC_USDT|1m|ORB-15|close|both|baseline_25bps_2R|normal,train,2026-08-31,BTC_USDT,1m,ORB-15,close,both,baseline_25bps_2R,normal,LONG,closed,,1788187320,78469.2,78469.2,market,1788187320,1788187320,78477.1,78469.2,False,False,493,3868.9210300000004,5.0,78280.9,78869.4,1788189300,78273.0,78280.9,stop,False,0.7737842060000001,0.77177178,-9.283190000000143,-11.607685986000288,0.7789400000001443,-1.2000510703363498,78256.8,77804.3,956.7468628099994,,False
BTC_USDT|1m|ORB-15|close|both|baseline_25bps_2R|normal,train,2026-09-01,BTC_USDT,1m,ORB-15,close,both,baseline_25bps_2R,normal,LONG,closed,,1788270480,78045.2,78045.2,market,1788270480,1788270480,78053.1,78045.2,False,False,490,3824.6019000000006,5.0,77857.9,78443.3,1788274920,77850.0,77857.9,stop,False,0.7649203800000002,0.7629300000000001,-9.177700000000144,-11.479750380000286,0.7742000000001426,-1.2002080942622535,77994.0,77472.8,945.2671124299991,,False
BTC_USDT|1m|ORB-15|close|both|baseline_25bps_2R|normal,train,2026-09-02,BTC_USDT,1m,ORB-15,close,both,baseline_25bps_2R,normal,LONG,closed,,1788358920,77393.8,77393.8,market,1788358920,1788358920,77401.6,77393.8,False,False,488,3777.1980800000006,5.0,77208.0,77788.6,1788359040,77200.2,77208.0,stop,False,0.7554396160000002,0.753473952,-9.067040000000143,-11.337233568000427,0.7612800000002835,-1.2000018595041413,77376.6,76584.1,933.9298788619986,,False
BTC_USDT|1m|ORB-15|close|both|baseline_25bps_2R|normal,train,2026-09-03,BTC_USDT,1m,ORB-15,close,both,baseline_25bps_2R,normal,LONG,closed,,1788443220,78896.8,78896.8,market,1788443220,1788443220,78904.8,78896.8,False,False,473,3732.1970400000005,5.0,78707.5,79299.3,1788443760,78699.5,78707.5,stop,False,0.7464394080000001,0.7444972700000001,-8.953890000000138,-11.201626678000139,0.7568000000000001,-1.2003084642676098,78895.0,78419.1,922.7282521839985,,False
BTC_USDT|1m|ORB-15|close|both|baseline_25bps_2R|normal,train,2026-09-04,BTC_USDT,1m,ORB-15,close,both,baseline_25bps_2R,normal,LONG,closed,,1788529620,79565.7,79565.7,market,1788529620,1788529620,79573.8,79565.7,False,False,463,3684.2669400000004,5.0,79374.8,79971.6,1788529980,79366.8,79374.8,stop,False,0.7368533880000001,0.7349365680000001,-8.83866999999973,-11.055889956000001,0.7454300000002707,-1.1999403015075376,79513.2,78945.3,911.6723622279985,,False
BTC_USDT|1m|ORB-15|close|both|baseline_25bps_2R|normal,train,2026-09-04,BTC_USDT,1m,ORB-15,close,both,baseline_25bps_2R,normal,SHORT,closed,,1788533280,78812.6,78812.6,market,1788533280,1788533280,78804.6,78812.6,False,False,462,3640.7725200000004,5.0,79001.7,78410.6,1788534360,79009.7,79001.7,stop,False,0.7281545040000001,0.7300496280000001,-8.736419999999598,-10.933824131999598,0.7392000000000003,-1.200724809741257,79513.2,78945.3,900.7385380959989,,False
BTC_USDT|1m|ORB-15|close|both|baseline_25bps_2R|normal,validation,2026-09-08,BTC_USDT,1m,ORB-15,close,both,baseline_25bps_2R,normal,SHORT,closed,,1788875580,77662.0,77662.0,market,1788875580,1788875580,77654.1,77662.0,False,False,514,3991.4207400000005,5.0,77848.3,77265.9,1788875700,77856.2,77848.3,stop,False,0.7982841480000001,0.800361736,-9.57582000000015,-11.98658588399955,0.8121199999994015,-1.200834500514906,78344.7,77663.0,988.0134141160005,,False
BTC_USDT|1m|ORB-15|close|both|baseline_25bps_2R|normal,validation,2026-09-08,BTC_USDT,1m,ORB-15,close,both,baseline_25bps_2R,normal,LONG,closed,,1788878100,78349.7,78349.7,market,1788878100,1788878100,78357.6,78349.7,False,False,504,3949.2230400000003,5.0,78161.7,78749.3,1788882480,78741.3,78749.3,take_profit,False,0.7898446080000001,0.793712304,20.139840000000294,17.754923087999856,0.8013600000004395,1.798265543644622,78344.7,77663.0,1005.7683372040003,,False
BTC_USDT|1m|ORB-15|close|both|baseline_25bps_2R|normal,validation,2026-09-09,BTC_USDT,1m,ORB-15,close,both,baseline_25bps_2R,normal,SHORT,closed,,1788962460,79050.1,79050.1,market,1788962460,1788962460,79042.1,79050.1,False,False,508,4015.3386800000007,5.0,79239.8,78646.9,1788964140,79247.8,79239.8,stop,False,0.8030677360000001,0.8051576480000001,-9.636759999999853,-12.057785383999853,0.8127999999999993,-1.2005967627718797,79645.8,79070.1,993.7105518200004,,False
BTC_USDT|1m|ORB-15|close|both|baseline_25bps_2R|normal,validation,2026-09-10,BTC_USDT,1m,ORB-15,close,both,baseline_25bps_2R,normal,LONG,closed,,1789048380,77079.9,77079.9,market,1789048380,1789048380,77087.7,77079.9,False,False,515,3970.0165500000003,5.0,76894.9,77473.1,1789056540,76887.1,76894.9,stop,False,0.7940033100000001,0.7919371300000002,-9.5275,-11.916840439999552,0.8033999999995505,-1.2001813278007665,77070.8,76730.3,981.7937113800009,,False
BTC_USDT|1m|ORB-15|close|both|baseline_25bps_2R|normal,validation,2026-09-14,BTC_USDT,1m,ORB-15,close,both,baseline_25bps_2R,normal,LONG,closed,,1789393620,78273.0,78273.0,market,1789393620,1789393620,78280.9,78273.0,False,False,501,3921.87309,5.0,78085.1,78672.3,1789394160,78077.2,78085.1,stop,False,0.7843746180000001,0.7823335440000001,-9.41378999999971,-11.772078161999854,0.7915800000001454,-1.2000593462717621,78231.0,77810.8,970.021633218001,,False
BTC_USDT|1m|ORB-15|close|both|baseline_25bps_2R|normal,validation,2026-09-15,BTC_USDT,1m,ORB-15,close,both,baseline_25bps_2R,normal,SHORT,closed,,1789482960,76081.2,76081.2,market,1789482960,1789482960,76073.5,76081.2,False,False,510,3879.7485,5.0,76263.7,75693.2,1789483200,75700.9,75693.2,take_profit,False,0.7759497000000001,0.77214918,19.788,17.454501120000298,0.7853999999997008,1.7993960042061572,76915.3,76087.4,987.4761343380013,,False
BTC_USDT|1m|ORB-15|close|both|baseline_25bps_2R|normal,validation,2026-09-16,BTC_USDT,1m,ORB-15,close,both,baseline_25bps_2R,normal,LONG,closed,,1789566480,75880.0,75880.0,market,1789566480,1789566480,75887.7,75880.0,False,False,520,3946.1604,5.0,75697.9,76267.1,1789566660,75690.2,75697.9,stop,False,0.7892320800000001,0.7871780800000001,-9.469200000000303,-11.846410160000001,0.8007999999996986,-1.2002928345626793,75770.0,75546.1,975.6297241780013,,False
BTC_USDT|1m|ORB-15|close|both|baseline_25bps_2R|normal,validation,2026-09-16,BTC_USDT,1m,ORB-15,close,both,baseline_25bps_2R,normal,SHORT,closed,,1789567380,75507.5,75507.5,market,1789567380,1789567380,75499.8,75507.5,True,False,516,3895.7896800000003,5.0,75688.6,75122.4,1789568760,75696.3,75688.6,stop,False,0.779157936,0.7811858160000001,-9.344760000000301,-11.699743752000002,0.7946399999996991,-1.2009492584745578,75770.0,75546.1,963.9299804260013,,False
BTC_USDT|1m|ORB-15|close|both|baseline_25bps_2R|normal,out_of_sample,2026-09-17,BTC_USDT,1m,ORB-15,close,both,baseline_25bps_2R,normal,LONG,closed,,1789653420,76619.6,76619.6,market,1789653420,1789653420,76627.4,76619.6,False,False,521,3992.28754,5.0,76435.8,77010.5,1789653780,76428.1,76435.8,stop,False,0.798457508,0.796380802,-9.575980000000152,-11.978368309999395,0.8075499999992424,-1.1999535490605369,76556.6,75980.2,988.0216316900006,,False
BTC_USDT|1m|ORB-15|close|both|baseline_25bps_2R|normal,out_of_sample,2026-09-18,BTC_USDT,1m,ORB-15,close,both,baseline_25bps_2R,normal,LONG,closed,,1789739160,79377.8,79377.8,market,1789739160,1789739160,79385.8,79377.8,False,False,497,3945.4742600000004,5.0,79187.3,79782.7,1789739220,79774.6,79782.7,take_profit,False,0.7890948520000001,0.7929595240000001,20.12352999999971,17.74130562400014,0.800169999999568,1.7983270528967397,79298.0,78104.2,1005.7629373140007,,False
BTC_USDT|1m|ORB-15|close|both|baseline_25bps_2R|normal,out_of_sample,2026-09-21,BTC_USDT,1m,ORB-15,close,both,baseline_25bps_2R,normal,LONG,closed,,1789998360,85214.8,85214.8,market,1789998360,1789998360,85223.4,85214.8,False,False,471,4014.02214,5.0,85010.3,85649.5,1789998600,85640.8,85649.5,take_profit,False,0.8028044280000001,0.8067363360000002,20.474369999999862,18.04999923600041,0.8148299999994499,1.79834425152522,85187.4,84729.5,1023.8129365500012,,False
BTC_USDT|1m|ORB-15|close|both|baseline_25bps_2R|normal,out_of_sample,2026-09-22,BTC_USDT,1m,ORB-15,close,both,baseline_25bps_2R,normal,LONG,closed,,1790085420,86142.0,86142.0,market,1790085420,1790085420,86150.7,86142.0,False,False,475,4092.15825,5.0,85935.3,86581.4,1790087340,85926.6,85935.3,stop,False,0.8184316500000001,0.8163027000000002,-9.818249999999862,-12.279484349999587,0.826499999999724,-1.2001646239554238,86131.0,85534.2,1011.5334522000015,,False
BTC_USDT|1m|ORB-15|close|both|baseline_25bps_2R|normal,out_of_sample,2026-09-22,BTC_USDT,1m,ORB-15,close,both,baseline_25bps_2R,normal,SHORT,closed,,1790087760,85424.1,85424.1,market,1790087760,1790087760,85415.5,85424.1,True,False,473,4040.15315,5.0,85629.1,84988.5,1790087820,85637.8,85629.1,stop,False,0.8080306300000001,0.8101335880000001,-9.6965,-12.132954218000137,0.8182900000001379,-1.2008926029962355,86131.0,85534.2,999.4004979820014,,False
BTC_USDT|1m|ORB-15|close|both|baseline_25bps_2R|normal,out_of_sample,2026-09-23,BTC_USDT,1m,ORB-15,close,both,baseline_25bps_2R,normal,LONG,closed,,1790172120,85874.2,85874.2,market,1790172120,1790172120,85882.9,85874.2,False,False,465,3993.5548499999995,5.0,85668.1,86312.3,1790172180,85659.4,85668.1,stop,False,0.7987109699999999,0.7966324199999999,-9.583649999999594,-11.988093390000001,0.8091000000004076,-1.2002256052142177,85836.4,85480.2,987.4124045920014,,False
BTC_USDT|1m|ORB-15|close|both|baseline_25bps_2R|normal,out_of_sample,2026-09-23,BTC_USDT,1m,ORB-15,close,both,baseline_25bps_2R,normal,SHORT,closed,,1790172540,85387.2,85387.2,market,1790172540,1790172540,85378.6,85387.2,False,False,462,3944.4913200000005,5.0,85592.1,84951.8,1790172600,84960.4,84951.8,take_profit,False,0.7888982640000002,0.7850340960000001,20.11547999999973,17.74690764000054,0.7946399999991911,1.799214051522303,85836.4,85480.2,1005.159312232002,,False
BTC_USDT|1m|ORB-15|close|both|baseline_25bps_2R|normal,out_of_sample,2026-09-24,BTC_USDT,1m,ORB-15,close,both,baseline_25bps_2R,normal,LONG,closed,,1790258880,84321.5,84321.5,market,1790258880,1790258880,84330.0,84321.5,True,False,476,4014.108,5.0,84119.1,84751.6,1790259120,84110.6,84119.1,stop,False,0.8028216,0.8007329120000002,-9.634239999999723,-12.046994511999724,0.8092000000000006,-1.2000385016595598,84299.0,83719.6,993.1123177200022,,False
BTC_USDT|1m|ORB-15|close|both|baseline_25bps_2R|normal,out_of_sample,2026-09-24,BTC_USDT,1m,ORB-15,close,both,baseline_25bps_2R,normal,SHORT,closed,,1790261580,83524.3,83524.3,market,1790261580,1790261580,83515.8,83524.3,False,False,475,3967.0005,5.0,83724.6,83098.3,1790261640,83733.1,83724.6,stop,False,0.7934001,0.7954644500000001,-9.514250000000139,-11.910614550000139,0.8074999999999992,-1.200908908045974,84299.0,83719.6,981.2017031700021,,False
BTC_USDT|1m|ORB-15|close|both|baseline_25bps_2R|normal,out_of_sample,2026-09-25,BTC_USDT,1m,ORB-15,close,both,baseline_25bps_2R,normal,SHORT,closed,,1790344020,83611.3,83611.3,market,1790344020,1790344020,83602.8,83611.3,False,False,469,3920.9713200000006,5.0,83811.9,83184.8,1790344200,83820.4,83811.9,stop,False,0.7841942640000001,0.786235352,-9.408139999999591,-11.775869615999591,0.7972999999999999,-1.2007873744619884,84305.5,83753.6,969.4258335540026,,False
