config_id,strategy,split,ny_date,symbol,direction,status,unfilled_reason,or_high,or_low,or_open,or_close,range_start_ts,range_end_ts,breakout_candle_ts,breakout_close_ts,breakout_open,breakout_high,breakout_low,breakout_close,entry_signal_ts,entry_signal_close,info_known_ts,fill_ts,fill_price,raw_entry,stop_price,target_price,exit_ts,exit_price,raw_exit,exit_reason,path_ambiguous,ohlc_proxy,simulated_fill,qty,notional,leverage,fee_entry,fee_exit,fees,funding,funding_events,gross_pnl,execution_drag,net_pnl,r_multiple,equity_after,risk_profile,slippage_profile
BTC_USDT|ORB-V3|15m-range+5m-body+1m-continuation|baseline_25bps_2R|normal,ORB-V3,train,2026-08-12,BTC_USDT,SHORT,closed,,63986.7,63830.1,63930.6,63956.6,1786541400,1786542300,1786542900,1786543200,63872.3,63898.2,63805.3,63810.6,1786543260,63780.1,1786543260,1786543260,63773.6,63780.1,63933.1,63454.8,1786546500,63461.2,63454.8,take_profit,False,True,True,626,3992.2273600000003,5.0,0.7984454720000002,0.7945342240000001,1.5929796960000002,0.0,0,20.363779999999725,0.8075399999996336,17.96326030400009,1.7990786206896643,1017.9632603040001,baseline_25bps_2R,normal
BTC_USDT|ORB-V3|15m-range+5m-body+1m-continuation|baseline_25bps_2R|normal,ORB-V3,train,2026-08-13,BTC_USDT,LONG,closed,,63828.0,63534.0,63575.9,63779.9,1786627800,1786628700,1786631400,1786631700,63784.0,63933.2,63734.4,63907.1,1786631760,63931.6,1786631760,1786631760,63938.1,63931.6,63778.2,64257.7,1786634100,63771.7,63778.2,stop,False,True,True,636,4066.4631600000002,5.0,0.8132926320000001,0.8111760240000001,1.6244686560000003,0.0,0,-9.756240000000092,0.8268000000000004,-12.207508656000092,-1.200387492182612,1005.755751648,baseline_25bps_2R,normal
BTC_USDT|ORB-V3|15m-range+5m-body+1m-continuation|baseline_25bps_2R|normal,ORB-V3,train,2026-08-14,BTC_USDT,SHORT,closed,,62793.8,62580.0,62750.1,62690.2,1786714200,1786715100,1786716300,1786716600,62629.3,62693.9,62569.8,62569.9,1786717020,62578.5,1786717020,1786717020,62572.1,62578.5,62728.6,62259.3,1786718040,62735.0,62728.6,stop,False,True,True,642,4017.1288200000004,5.0,0.8034257640000001,0.8055174000000002,1.6089431640000003,0.0,0,-9.636419999999907,0.8217600000001877,-12.067123164000094,-1.2010314376996898,993.6886284839999,baseline_25bps_2R,normal
BTC_USDT|ORB-V3|15m-range+5m-body+1m-continuation|baseline_25bps_2R|normal,ORB-V3,train,2026-08-18,BTC_USDT,LONG,closed,,64222.7,63995.2,64044.7,64159.9,1787059800,1787060700,1787061600,1787061900,64187.6,64345.0,64187.5,64343.6,1787062020,64313.9,1787062020,1787062020,64320.4,64313.9,64159.5,64642.0,1787062980,64635.4,64642.0,take_profit,False,True,True,617,3968.5686800000003,5.0,0.7937137360000001,0.7976008360000001,1.5913145720000001,0.0,0,20.243769999999913,0.8082699999999114,17.844185428,1.7974446239900397,1011.5328139119998,baseline_25bps_2R,normal
BTC_USDT|ORB-V3|15m-range+5m-body+1m-continuation|baseline_25bps_2R|normal,ORB-V3,train,2026-08-19,BTC_USDT,LONG,closed,,65190.0,64779.6,64976.3,65017.4,1787146200,1787147100,1787148300,1787148600,65114.0,65360.9,65102.8,65359.9,1787148660,65376.9,1787148660,1787148660,65383.5,65376.9,65220.0,65710.4,1787151240,65703.7,65710.4,take_profit,False,True,True,618,4040.7003,5.0,0.80814006,0.812097732,1.6202377920000002,0.0,0,20.61029999999955,0.8219399999997314,18.16812220799982,1.7980584709479943,1029.7009361199996,baseline_25bps_2R,normal
BTC_USDT|ORB-V3|15m-range+5m-body+1m-continuation|baseline_25bps_2R|normal,ORB-V3,train,2026-08-21,BTC_USDT,LONG,closed,,77336.1,76237.1,77096.5,77292.7,1787319000,1787319900,1787319900,1787320200,77292.7,77539.0,77141.0,77455.8,1787320260,77648.4,1787320260,1787320260,77656.3,77648.4,77462.1,78044.5,1787320320,77454.3,77462.1,stop,False,True,True,530,4115.7839,5.0,0.8231567800000001,0.8210155800000001,1.6441723600000002,0.0,0,-9.873899999999383,0.8321000000006187,-12.350172360000002,-1.1999079299691222,1017.3507637599996,baseline_25bps_2R,normal
BTC_USDT|ORB-V3|15m-range+5m-body+1m-continuation|baseline_25bps_2R|normal,ORB-V3,train,2026-08-24,BTC_USDT,LONG,closed,,79011.5,78179.5,78988.7,78274.4,1787578200,1787579100,1787580600,1787580900,78934.0,79212.8,78910.4,79173.5,1787580960,79220.3,1787580960,1787580960,79228.3,79220.3,79030.2,79624.4,1787581380,79022.2,79030.2,stop,True,True,True,513,4064.4117900000006,5.0,0.8128823580000002,0.810767772,1.6236501300000001,0.0,0,-9.7521300000003,0.8208000000000002,-12.1965801300003,-1.2001519434628918,1005.1541836299994,baseline_25bps_2R,normal
BTC_USDT|ORB-V3|15m-range+5m-body+1m-continuation|baseline_25bps_2R|normal,ORB-V3,train,2026-08-25,BTC_USDT,SHORT,closed,,79194.4,78568.9,78613.1,78613.0,1787664600,1787665500,1787665500,1787665800,78613.0,78636.3,78351.5,78461.6,1787665860,78380.7,1787665860,1787665860,78372.8,78380.7,78568.8,77981.0,1787666340,78576.8,78568.8,stop,False,True,True,512,4012.6873600000004,5.0,0.8025374720000001,0.8046264320000002,1.6071639040000003,0.0,0,-9.630720000000299,0.8140799999997022,-12.051963904000003,-1.200968979591837,993.1022197259994,baseline_25bps_2R,normal
BTC_USDT|ORB-V3|15m-range+5m-body+1m-continuation|baseline_25bps_2R|normal,ORB-V3,train,2026-08-26,BTC_USDT,LONG,closed,,78461.4,78011.5,78011.5,78453.3,1787751000,1787751900,1787752800,1787753100,78407.6,78554.5,78262.1,78490.2,1787753160,78499.4,1787753160,1787753160,78507.3,78499.4,78311.0,78899.8,1787754300,78303.1,78311.0,stop,False,True,True,505,3964.6186500000003,5.0,0.7929237300000002,0.7908613100000002,1.5837850400000004,0.0,0,-9.514199999999706,0.7979000000001477,-11.895885039999854,-1.2000105960264575,981.2063346859995,baseline_25bps_2R,normal
BTC_USDT|ORB-V3|15m-range+5m-body+1m-continuation|baseline_25bps_2R|normal,ORB-V3,train,2026-08-27,BTC_USDT,SHORT,unfilled,no_1m_continuation,79324.9,79070.8,79319.6,79206.1,1787837400,1787838300,1787838300,1787838600,79206.1,79315.6,78867.6,79016.1,,,,,,,,,,,,,,True,True,,,5.0,,,,,,,,,,,baseline_25bps_2R,normal
BTC_USDT|ORB-V3|15m-range+5m-body+1m-continuation|baseline_25bps_2R|normal,ORB-V3,train,2026-08-28,BTC_USDT,LONG,closed,,79332.0,78993.1,79160.2,79052.2,1787923800,1787924700,1787925000,1787925300,79156.1,79400.0,79138.4,79380.8,1787925360,79382.9,1787925360,1787925360,79390.9,79382.9,79192.4,79787.8,1787925600,79184.4,79192.4,stop,False,True,True,494,3921.9104599999996,5.0,0.784382092,0.782341872,1.566723964,0.0,0,-9.4107,0.7904,-11.767823964,-1.200075869017632,969.4385107219996,baseline_25bps_2R,normal
BTC_USDT|ORB-V3|15m-range+5m-body+1m-continuation|baseline_25bps_2R|normal,ORB-V3,train,2026-08-31,BTC_USDT,SHORT,closed,,78256.8,77804.3,78025.0,77968.8,1788183000,1788183900,1788186000,1788186300,77974.2,78044.0,77755.0,77755.1,1788186420,77793.7,1788186420,1788186420,77785.8,77793.7,77980.3,77396.9,1788186540,77988.2,77980.3,stop,False,True,True,498,3873.7328400000006,5.0,0.7747465680000002,0.7767624720000001,1.5515090400000005,0.0,0,-9.29268000000029,0.7868399999994207,-11.63102903999971,-1.2007958868894302,957.8074816819999,baseline_25bps_2R,normal
BTC_USDT|ORB-V3|15m-range+5m-body+1m-continuation|baseline_25bps_2R|normal,ORB-V3,train,2026-09-01,BTC_USDT,LONG,closed,,77994.0,77472.8,77852.2,77883.8,1788269400,1788270300,1788270300,1788270600,77883.8,78105.1,77815.6,78059.1,1788270660,78130.8,1788270660,1788270660,78138.7,78130.8,77943.3,78529.3,1788274860,77935.4,77943.3,stop,False,True,True,490,3828.7963,5.0,0.76575926,0.76376692,1.52952618,0.0,0,-9.1875,0.7742000000001426,-11.491226180000142,-1.2001781985670923,946.3162555019998,baseline_25bps_2R,normal
BTC_USDT|ORB-V3|15m-range+5m-body+1m-continuation|baseline_25bps_2R|normal,ORB-V3,train,2026-09-03,BTC_USDT,LONG,closed,,78895.0,78419.1,78458.8,78887.8,1788442200,1788443100,1788444600,1788444900,78837.5,78965.0,78761.4,78953.9,1788445020,79032.2,1788445020,1788445020,79040.2,79032.2,78842.5,79435.4,1788445500,79427.4,79435.4,take_profit,False,True,True,478,3778.12156,5.0,0.755624312,0.759325944,1.514950256,0.0,0,19.272959999999863,0.764800000000001,16.993209743999863,1.798211836115338,963.3094652459996,baseline_25bps_2R,normal
BTC_USDT|ORB-V3|15m-range+5m-body+1m-continuation|baseline_25bps_2R|normal,ORB-V3,train,2026-09-04,BTC_USDT,LONG,closed,,79513.2,78945.3,79278.5,79371.6,1788528600,1788529500,1788529500,1788529800,79371.6,79670.0,79290.1,79628.3,1788529920,79552.4,1788529920,1788529920,79560.5,79552.4,79361.5,79958.3,1788529980,79353.5,79361.5,stop,False,True,True,484,3850.7282000000005,5.0,0.7701456400000001,0.7681418800000002,1.5382875200000004,0.0,0,-9.239559999999718,0.7792400000002822,-11.557087520000001,-1.1999135678391961,951.7523777259996,baseline_25bps_2R,normal
BTC_USDT|ORB-V3|15m-range+5m-body+1m-continuation|baseline_25bps_2R|normal,ORB-V3,validation,2026-09-08,BTC_USDT,LONG,closed,,78344.7,77663.0,78308.5,77815.8,1788874200,1788875100,1788877800,1788878100,78307.0,78377.7,78206.2,78349.7,1788878340,78366.1,1788878340,1788878340,78374.0,78366.1,78178.0,78765.8,1788882480,78757.8,78765.8,take_profit,False,True,True,510,3997.074,5.0,0.7994148000000001,0.8033295600000002,1.6027443600000004,0.0,0,20.384699999999853,0.8108999999997053,17.971055640000145,1.7978246938775655,1017.9710556400001,baseline_25bps_2R,normal
BTC_USDT|ORB-V3|15m-range+5m-body+1m-continuation|baseline_25bps_2R|normal,ORB-V3,validation,2026-09-09,BTC_USDT,SHORT,closed,,79645.8,79070.1,79586.1,79211.1,1788960600,1788961500,1788962400,1788962700,79111.1,79119.2,78861.0,79023.2,1788962820,79012.5,1788962820,1788962820,79004.5,79012.5,79202.1,78609.5,1788964080,79210.1,79202.1,stop,False,True,True,515,4068.7317500000004,5.0,0.8137463500000001,0.8158640300000002,1.6296103800000004,0.0,0,-9.7644000000003,0.8239999999999998,-12.218010380000301,-1.2006220647773223,1005.7530452599998,baseline_25bps_2R,normal
BTC_USDT|ORB-V3|15m-range+5m-body+1m-continuation|baseline_25bps_2R|normal,ORB-V3,validation,2026-09-10,BTC_USDT,LONG,closed,,77070.8,76730.3,76893.1,76903.4,1789047000,1789047900,1789048200,1789048500,77032.6,77207.9,76884.7,77110.3,1789048560,77128.8,1789048560,1789048560,77136.6,77128.8,76943.7,77522.2,1789049280,76935.9,76943.7,stop,False,True,True,521,4018.8168600000004,5.0,0.8037633720000001,0.801672078,1.60543545,0.0,0,-9.643710000000304,0.8127600000003028,-12.061905450000607,-1.2001788491446406,993.6911398099992,baseline_25bps_2R,normal
BTC_USDT|ORB-V3|15m-range+5m-body+1m-continuation|baseline_25bps_2R|normal,ORB-V3,validation,2026-09-14,BTC_USDT,LONG,closed,,78231.0,77810.8,77833.4,78120.0,1789392600,1789393500,1789393500,1789393800,78120.0,78437.2,78089.6,78411.6,1789393980,78254.8,1789393980,1789393980,78262.7,78254.8,78067.0,78654.0,1789394220,78059.1,78067.0,stop,False,True,True,507,3967.91889,5.0,0.793583778,0.7915192740000002,1.5851030520000002,0.0,0,-9.521460000000149,0.8010599999994099,-11.90762305199956,-1.2001244762391148,981.7835167579997,baseline_25bps_2R,normal
BTC_USDT|ORB-V3|15m-range+5m-body+1m-continuation|baseline_25bps_2R|normal,ORB-V3,validation,2026-09-15,BTC_USDT,SHORT,closed,,76915.3,76087.4,76915.3,76398.1,1789479000,1789479900,1789482900,1789483200,76149.5,76149.5,75818.0,75833.5,1789483260,75737.1,1789483260,1789483260,75729.4,75737.1,75918.8,75350.8,1789483380,75926.5,75918.8,stop,False,True,True,518,3922.78292,5.0,0.7845565840000001,0.7865985400000001,1.5711551240000001,0.0,0,-9.41205999999985,0.797720000000453,-11.780935124000303,-1.2007982048574202,970.0025816339994,baseline_25bps_2R,normal
BTC_USDT|ORB-V3|15m-range+5m-body+1m-continuation|baseline_25bps_2R|normal,ORB-V3,validation,2026-09-16,BTC_USDT,LONG,closed,,75770.0,75546.1,75729.0,75740.1,1789565400,1789566300,1789566300,1789566600,75740.1,75895.8,75605.0,75834.9,1789568940,75772.3,1789568940,1789568940,75780.0,75772.3,75590.5,76158.9,1789569120,75582.8,75590.5,stop,False,True,True,511,3872.358,5.0,0.7744716,0.772456216,1.5469278160000002,0.0,0,-9.28998000000015,0.7869399999997029,-11.623847815999852,-1.2003829023746548,958.3787338179995,baseline_25bps_2R,normal
BTC_USDT|ORB-V3|15m-range+5m-body+1m-continuation|baseline_25bps_2R|normal,ORB-V3,out_of_sample,2026-09-17,BTC_USDT,LONG,closed,,76556.6,75980.2,76440.8,76120.5,1789651800,1789652700,1789653300,1789653600,76480.1,76676.7,76480.0,76671.4,1789654140,76557.4,1789654140,1789654140,76565.2,76557.4,76373.7,76948.0,1789654440,76940.2,76948.0,take_profit,False,True,True,522,3996.7034400000002,5.0,0.7993406880000001,0.803255688,1.6025963760000002,0.0,0,20.389320000000303,0.8143200000003041,17.972403624,1.7979055874673628,1017.972403624,baseline_25bps_2R,normal
BTC_USDT|ORB-V3|15m-range+5m-body+1m-continuation|baseline_25bps_2R|normal,ORB-V3,out_of_sample,2026-09-18,BTC_USDT,LONG,closed,,79298.0,78104.2,78142.7,79268.0,1789738200,1789739100,1789739100,1789739400,79268.0,79976.9,79195.3,79976.4,1789739460,80063.8,1789739460,1789739460,80071.9,80063.8,79871.7,80472.2,1789739460,80464.1,80472.2,take_profit,False,True,True,508,4067.65252,5.0,0.813530504,0.8175152560000002,1.6310457600000001,0.0,0,20.746719999999705,0.8229599999991137,18.292714240000592,1.7986653346654191,1036.2651178640006,baseline_25bps_2R,normal
BTC_USDT|ORB-V3|15m-range+5m-body+1m-continuation|baseline_25bps_2R|normal,ORB-V3,out_of_sample,2026-09-21,BTC_USDT,LONG,closed,,85187.4,84729.5,84898.0,85033.7,1789997400,1789998300,1789998300,1789998600,85033.7,85536.5,84989.7,85405.8,1789998660,85639.7,1789998660,1789998660,85648.4,85639.7,85434.2,86076.6,1789998780,85425.6,85434.2,stop,False,True,True,483,4136.81772,5.0,0.827363544,0.8252112960000001,1.6525748400000002,0.0,0,-9.925650000000001,0.8355899999994367,-12.41381483999944,-1.1998823529411384,1023.8513030240011,baseline_25bps_2R,normal
BTC_USDT|ORB-V3|15m-range+5m-body+1m-continuation|baseline_25bps_2R|normal,ORB-V3,out_of_sample,2026-09-22,BTC_USDT,LONG,closed,,86131.0,85534.2,85700.1,85894.8,1790083800,1790084700,1790085300,1790085600,86078.3,86331.8,86058.3,86301.0,1790085720,86166.5,1790085720,1790085720,86175.2,86166.5,85959.7,86606.0,1790087340,85951.0,85959.7,stop,False,True,True,475,4093.322,5.0,0.8186644000000001,0.8165345,1.6351989000000002,0.0,0,-9.823000000000139,0.826499999999724,-12.284698899999862,-1.200117122969824,1011.5666041240013,baseline_25bps_2R,normal
BTC_USDT|ORB-V3|15m-range+5m-body+1m-continuation|baseline_25bps_2R|normal,ORB-V3,out_of_sample,2026-09-23,BTC_USDT,SHORT,closed,,85836.4,85480.2,85511.0,85789.0,1790170200,1790171100,1790172300,1790172600,85710.3,85765.4,85280.0,85287.1,1790172660,85091.0,1790172660,1790172660,85082.4,85091.0,85295.2,84657.0,1790172780,84665.6,84657.0,take_profit,False,True,True,475,4041.4139999999998,5.0,0.8082828,0.8043232000000001,1.612606,0.0,0,20.615000000000002,0.8170000000005544,18.185393999999448,1.7991090225563116,1029.7519981240007,baseline_25bps_2R,normal
BTC_USDT|ORB-V3|15m-range+5m-body+1m-continuation|baseline_25bps_2R|normal,ORB-V3,out_of_sample,2026-09-24,BTC_USDT,LONG,closed,,84299.0,83719.6,83743.6,83907.0,1790256600,1790257500,1790259600,1790259900,84268.3,84345.9,84208.2,84336.1,1790259960,84442.1,1790259960,1790259960,84450.6,84442.1,84239.4,84872.8,1790260140,84864.2,84872.8,take_profit,False,True,True,487,4112.7442200000005,5.0,0.8225488440000002,0.826577308,1.649126152,0.0,0,20.97508999999986,0.8327700000002807,18.493193847999578,1.7979973484847083,1048.2451919720002,baseline_25bps_2R,normal
BTC_USDT|ORB-V3|15m-range+5m-body+1m-continuation|baseline_25bps_2R|normal,ORB-V3,out_of_sample,2026-09-25,BTC_USDT,SHORT,closed,,84305.5,83753.6,84057.2,83973.1,1790343000,1790343900,1790343900,1790344200,83973.1,84007.2,83488.6,83713.9,1790344980,83692.0,1790344980,1790344980,83683.5,83692.0,83892.8,83265.1,1790345040,83273.5,83265.1,take_profit,False,True,True,500,4184.175,5.0,0.8368350000000001,0.8327350000000001,1.6695700000000002,0.0,0,21.34499999999971,0.8449999999997111,18.83043,1.7993721930243418,1067.0756219720001,baseline_25bps_2R,normal
